{
    "data": {
        "getEndpointInfo": [
            {
                "id": "2",
                "name": "/account-service/default",
                "serviceId": "2",
                "serviceName": "Account"
            },
            {
                "id": "3",
                "name": "/eureka/apps/",
                "serviceId": "2",
                "serviceName": "Account"
            },
            {
                "id": "4",
                "name": "/eureka/apps/ACCOUNT-SERVICE",
                "serviceId": "2",
                "serviceName": "Account"
            },
            {
                "id": "5",
                "name": "/eureka/apps/delta",
                "serviceId": "2",
                "serviceName": "Account"
            },
            {
                "id": "6",
                "name": "/eureka/apps/ACCOUNT-SERVICE/37c2844f3478:account-service:6000",
                "serviceId": "2",
                "serviceName": "Account"
            },
            {
                "id": "7",
                "name": "/uaa/users/current",
                "serviceId": "2",
                "serviceName": "Account"
            },
            {
                "id": "8",
                "name": "/accounts/current",
                "serviceId": "2",
                "serviceName": "Account"
            },
            {
                "id": "9",
                "name": "RabbitMQ/Topic/springCloudHystrixStreamQueue/springCloudHystrixStream/Producer",
                "serviceId": "2",
                "serviceName": "Account"
            },
            {
                "id": "10",
                "name": "/uaa/users",
                "serviceId": "2",
                "serviceName": "Account"
            },
            {
                "id": "11",
                "name": "/uaa/oauth/token",
                "serviceId": "2",
                "serviceName": "Account"
            },
            {
                "id": "12",
                "name": "Hystrix/AuthServiceClient#createUser(User)/Execution",
                "serviceId": "2",
                "serviceName": "Account"
            },
            {
                "id": "13",
                "name": "Hystrix/AuthServiceClient#createUser(User)/Fallback",
                "serviceId": "2",
                "serviceName": "Account"
            },
            {
                "id": "14",
                "name": "/",
                "serviceId": "2",
                "serviceName": "Account"
            },
            {
                "id": "15",
                "name": "{POST}/",
                "serviceId": "2",
                "serviceName": "Account"
            },
            {
                "id": "16",
                "name": "MongoDB/FindOperation",
                "serviceId": "2",
                "serviceName": "Account"
            },
            {
                "id": "17",
                "name": "MongoDB/MixedBulkWriteOperation",
                "serviceId": "2",
                "serviceName": "Account"
            },
            {
                "id": "18",
                "name": "{GET}/current",
                "serviceId": "2",
                "serviceName": "Account"
            },
            {
                "id": "19",
                "name": "Hystrix/StatisticsServiceClient#updateStatistics(String,Account)/Execution",
                "serviceId": "2",
                "serviceName": "Account"
            },
            {
                "id": "20",
                "name": "{PUT}/current",
                "serviceId": "2",
                "serviceName": "Account"
            },
            {
                "id": "21",
                "name": "/statistics/{accountName}",
                "serviceId": "2",
                "serviceName": "Account"
            },
            {
                "id": "22",
                "name": "Hystrix/StatisticsServiceClient#updateStatistics(String,Account)/Fallback",
                "serviceId": "2",
                "serviceName": "Account"
            },
            {
                "id": "23",
                "name": "/current",
                "serviceId": "2",
                "serviceName": "Account"
            }
        ]
    }
}